Timestamp,Coin,PriceUSD
2025-05-14 00:04:55.247,Bitcoin,104184.49039270742
2025-05-14 01:04:38.428,Bitcoin,103917.7359966492
2025-05-14 02:04:47.816,Bitcoin,103858.60396107004
2025-05-14 03:04:23.157,Bitcoin,103700.05269875677
2025-05-14 04:07:25.977,Bitcoin,103556.45885636128
2025-05-14 05:04:14.941,Bitcoin,103700.90096775675
2025-05-14 06:04:46.847,Bitcoin,103878.53354621866
2025-05-14 07:07:14.462,Bitcoin,103717.46530373387
2025-05-14 08:02:25.693,Bitcoin,103663.5497768388
2025-05-14 09:04:40.480,Bitcoin,103468.82472880279
2025-05-14 10:03:59.301,Bitcoin,103293.13171967196
2025-05-14 11:04:56.362,Bitcoin,103746.51631775557
2025-05-14 12:09:09.247,Bitcoin,103975.28155532911
2025-05-14 13:06:10.803,Bitcoin,104129.23681507706
2025-05-14 14:04:29.437,Bitcoin,103949.55688600815
2025-05-14 15:18:26.230,Bitcoin,103240.50497954589
2025-05-14 16:04:49.308,Bitcoin,103411.5875926134
2025-05-14 17:06:29.909,Bitcoin,103410.52259318183
2025-05-14 18:11:37.277,Bitcoin,103236.43383121496
2025-05-14 19:04:41.943,Bitcoin,103360.77315539285
2025-05-14 20:09:55.331,Bitcoin,103462.91792934247
2025-05-14 21:04:55.158,Bitcoin,103541.32991390128
2025-05-14 22:05:59.187,Bitcoin,103616.5641306095
2025-05-14 23:04:39.457,Bitcoin,103500.55803017515
2025-05-15 00:01:30.831,Bitcoin,103546.46918182234
2025-05-15 01:07:45.691,Bitcoin,103798.18025222377
2025-05-15 02:07:41.935,Bitcoin,103147.88093550252
2025-05-15 03:06:32.292,Bitcoin,103089.72958890599
2025-05-15 04:09:06.605,Bitcoin,102815.83535741437
2025-05-15 05:04:42.645,Bitcoin,102905.98275243046
2025-05-15 06:09:54.305,Bitcoin,102431.01681734665
2025-05-15 07:09:03.317,Bitcoin,102306.61847027586
2025-05-15 08:04:47.926,Bitcoin,101842.9630220415
2025-05-15 09:09:55.460,Bitcoin,102228.46374839121
2025-05-15 10:09:46.624,Bitcoin,101775.76120644069
2025-05-15 11:09:47.897,Bitcoin,101829.9751948105
2025-05-15 12:09:29.901,Bitcoin,102312.39420890273
2025-05-15 13:04:54.118,Bitcoin,102608.73433980295
2025-05-15 14:06:34.803,Bitcoin,102271.11362732355
2025-05-15 15:04:50.299,Bitcoin,101853.27241327312
2025-05-15 16:04:55.461,Bitcoin,103086.80093931165
2025-05-15 17:07:31.765,Bitcoin,103777.5914622185
2025-05-15 18:09:34.005,Bitcoin,103977.5367463436
2025-05-15 19:03:02.209,Bitcoin,103060.49374205088
2025-05-15 20:04:59.415,Bitcoin,103087.36701019295
2025-05-15 21:04:57.432,Bitcoin,103429.09594246546
2025-05-15 22:04:52.893,Bitcoin,103169.59627070383
2025-05-15 23:08:50.326,Bitcoin,103553.93506366151
2025-05-16 00:09:52.942,Bitcoin,103782.3671140446
2025-05-16 01:09:59.990,Bitcoin,103812.14447323454
2025-05-16 02:09:46.666,Bitcoin,104095.83301023155
2025-05-16 03:04:37.759,Bitcoin,104209.18515019871
2025-05-16 04:04:55.983,Bitcoin,104106.84509644518
2025-05-16 05:09:53.147,Bitcoin,103921.6763892081
2025-05-16 06:08:32.591,Bitcoin,103957.37600357285
2025-05-16 07:04:55.010,Bitcoin,103992.82840419417
2025-05-16 08:07:16.320,Bitcoin,103754.42490400397
2025-05-16 09:09:52.578,Bitcoin,103448.92558696079
2025-05-16 10:04:44.423,Bitcoin,103745.43202947287
2025-05-16 11:08:18.896,Bitcoin,103870.40503140159
2025-05-16 12:01:09.062,Bitcoin,103672.28959796879
2025-05-16 13:04:53.085,Bitcoin,103626.44459045639
2025-05-16 14:05:00.515,Bitcoin,103878.14561854265
2025-05-16 15:04:01.870,Bitcoin,103647.16205373578
2025-05-16 16:09:49.969,Bitcoin,104160.56764282625
2025-05-16 17:04:23.203,Bitcoin,104068.97915372228
2025-05-16 18:04:38.044,Bitcoin,103976.81475435526
2025-05-16 19:04:59.413,Bitcoin,103804.54780310261
2025-05-16 20:04:58.487,Bitcoin,103799.70381025353
2025-05-16 21:04:51.917,Bitcoin,103617.4746044224
2025-05-16 22:04:58.222,Bitcoin,103673.4945246536
2025-05-16 23:04:33.139,Bitcoin,103467.28985993791
2025-05-17 00:09:40.062,Bitcoin,103533.26669721663
2025-05-17 01:04:57.036,Bitcoin,103374.05076215406
2025-05-17 02:04:54.627,Bitcoin,102834.21312072649
2025-05-17 03:09:36.276,Bitcoin,103261.20227671404
2025-05-17 04:04:41.885,Bitcoin,103427.18317517905
2025-05-17 05:06:11.449,Bitcoin,103624.29922408522
2025-05-17 06:04:49.765,Bitcoin,103447.46486301252
2025-05-17 07:09:34.446,Bitcoin,103477.33282267097
2025-05-17 08:09:21.812,Bitcoin,103461.57411690436
2025-05-17 09:09:45.561,Bitcoin,103486.17664215172
2025-05-17 10:09:45.506,Bitcoin,102953.19338310153
2025-05-17 11:08:16.204,Bitcoin,102888.81365330738
2025-05-17 12:04:43.260,Bitcoin,103006.73892894214
2025-05-17 13:04:59.926,Bitcoin,102970.03327807052
2025-05-17 14:05:34.448,Bitcoin,102770.92765223501
2025-05-17 15:02:24.629,Bitcoin,103084.1477956473
2025-05-17 16:04:29.896,Bitcoin,103048.13639309886
2025-05-17 17:08:30.636,Bitcoin,102939.38321692156
2025-05-17 18:04:45.129,Bitcoin,103228.47165623815
2025-05-17 19:04:11.011,Bitcoin,103150.84851261016
2025-05-17 20:09:43.594,Bitcoin,103190.37357819127
2025-05-17 21:04:31.186,Bitcoin,103328.79249857902
2025-05-17 22:04:45.468,Bitcoin,103243.00007011925
2025-05-17 23:04:50.206,Bitcoin,103058.42662008991
2025-05-18 00:06:32.399,Bitcoin,103194.65650649132
2025-05-18 01:04:54.044,Bitcoin,103327.24481798257
2025-05-18 02:04:49.672,Bitcoin,103267.63750333845
2025-05-18 03:04:56.266,Bitcoin,103352.28257714226
2025-05-18 04:04:46.830,Bitcoin,103299.05914787803
2025-05-18 05:05:28.844,Bitcoin,103355.71135042422
2025-05-18 06:04:10.198,Bitcoin,103572.153611391
2025-05-18 07:04:40.548,Bitcoin,103454.258403256
2025-05-18 08:07:28.149,Bitcoin,103939.79715898632
2025-05-18 09:01:59.763,Bitcoin,103957.51238379734
2025-05-18 10:04:36.090,Bitcoin,103932.06434509694
2025-05-18 11:00:42.740,Bitcoin,103858.01525131274
2025-05-18 12:03:35.684,Bitcoin,103879.27506436742
2025-05-18 13:07:50.856,Bitcoin,103917.6748144419
2025-05-18 14:03:08.199,Bitcoin,104358.7947429362
2025-05-18 15:05:56.300,Bitcoin,105248.97875365856
2025-05-18 16:02:00.858,Bitcoin,105489.05721365198
2025-05-18 17:09:45.493,Bitcoin,105617.89582136768
2025-05-18 18:04:51.334,Bitcoin,105225.03435811208
2025-05-18 19:01:28.391,Bitcoin,104765.1482168906
2025-05-18 20:09:36.186,Bitcoin,103978.61566865668
2025-05-18 21:04:46.978,Bitcoin,104252.70272876776
2025-05-18 22:04:39.901,Bitcoin,104348.16945412189
2025-05-18 23:04:41.679,Bitcoin,105427.48904875397
2025-05-19 00:02:08.131,Bitcoin,106139.68550864227
2025-05-19 01:09:40.508,Bitcoin,105437.01050324997
2025-05-19 02:04:50.863,Bitcoin,105096.5284516676
2025-05-19 03:05:32.868,Bitcoin,104838.70371804148
2025-05-19 04:04:58.596,Bitcoin,103772.36372351332
2025-05-19 05:04:42.328,Bitcoin,103094.56691113103
2025-05-19 06:01:00.737,Bitcoin,102967.7704388321
2025-05-19 07:04:33.396,Bitcoin,102381.2104823244
2025-05-19 08:06:40.888,Bitcoin,103123.7868453361
2025-05-19 09:04:59.783,Bitcoin,103196.68223062064
2025-05-19 10:09:48.309,Bitcoin,103065.3005647513
2025-05-19 11:04:51.669,Bitcoin,103017.96554457302
2025-05-19 12:02:58.324,Bitcoin,102997.32804027783
2025-05-19 13:04:52.399,Bitcoin,102430.42377901066
2025-05-19 14:02:36.424,Bitcoin,103154.46317414453
2025-05-19 15:07:55.091,Bitcoin,104220.6102128076
2025-05-19 16:06:16.102,Bitcoin,104836.37399450976
2025-05-19 17:09:54.286,Bitcoin,105198.84427783277
2025-05-19 18:09:44.875,Bitcoin,105400.64224825481
2025-05-19 19:02:32.435,Bitcoin,104880.26082573306
2025-05-19 20:09:32.013,Bitcoin,105483.24685112822
2025-05-19 21:09:50.298,Bitcoin,105474.85779660604
2025-05-19 22:03:49.297,Bitcoin,105370.28430321654
2025-05-19 23:02:45.398,Bitcoin,105563.46876771093
2025-05-20 00:09:37.157,Bitcoin,105663.20354903601
2025-05-20 01:12:29.720,Bitcoin,105954.58937111168
2025-05-20 02:07:37.659,Bitcoin,106518.35886707173
2025-05-20 03:04:49.896,Bitcoin,106213.00243528716
2025-05-20 04:09:34.546,Bitcoin,105704.92960225897
2025-05-20 05:08:33.134,Bitcoin,106000.05837647662
2025-05-20 06:03:37.411,Bitcoin,106180.53385959675
2025-05-20 07:03:17.624,Bitcoin,105571.21456623028
2025-05-20 08:03:40.043,Bitcoin,105098.96222700436
2025-05-20 09:02:23.575,Bitcoin,105132.78539854169
2025-05-20 10:03:28.964,Bitcoin,105335.88358591389
2025-05-20 11:03:53.561,Bitcoin,105108.95454542089
2025-05-20 12:04:05.961,Bitcoin,105290.92949721494
2025-05-20 13:03:37.209,Bitcoin,104783.15991167142
2025-05-20 14:03:44.154,Bitcoin,104387.66509118448
2025-05-20 15:03:36.675,Bitcoin,104699.4194788197
2025-05-20 16:06:32.254,Bitcoin,105320.90282923858
2025-05-20 17:03:32.682,Bitcoin,105321.47853626123
2025-05-20 18:02:08.129,Bitcoin,106214.94694946974
2025-05-20 19:03:22.368,Bitcoin,105617.25144004321
2025-05-20 20:08:19.829,Bitcoin,106766.70827506462
2025-05-20 21:03:46.365,Bitcoin,106873.03984532565
2025-05-20 22:03:47.739,Bitcoin,106605.25880615096
2025-05-20 23:03:16.299,Bitcoin,106566.5101429697
2025-05-20 23:14:24.000,Bitcoin,106831.32849808842
2025-05-13 23:04:04.311,Ethereum,2692.6072947156576
2025-05-14 00:06:32.173,Ethereum,2676.639163127913
2025-05-14 01:04:38.876,Ethereum,2690.3732925170607
2025-05-14 02:04:45.823,Ethereum,2683.5774597263307
2025-05-14 03:02:21.297,Ethereum,2647.1271171903522
2025-05-14 04:07:41.781,Ethereum,2642.250566353624
2025-05-14 05:04:27.446,Ethereum,2663.3081856012195
2025-05-14 06:04:43.821,Ethereum,2672.604896794861
2025-05-14 07:03:05.824,Ethereum,2670.3539283361374
2025-05-14 08:01:57.862,Ethereum,2650.4831851815356
2025-05-14 09:04:42.339,Ethereum,2619.282307934333
2025-05-14 10:04:00.936,Ethereum,2605.246018876184
2025-05-14 11:04:54.312,Ethereum,2599.7889780442815
2025-05-14 12:06:19.545,Ethereum,2621.652196289827
2025-05-14 13:07:18.252,Ethereum,2614.383082608857
2025-05-14 14:04:46.386,Ethereum,2601.6724286542085
2025-05-14 15:18:34.703,Ethereum,2580.419455497946
2025-05-14 16:04:49.865,Ethereum,2592.4745383188683
2025-05-14 17:07:18.135,Ethereum,2587.1170258836414
2025-05-14 18:11:58.834,Ethereum,2587.940237457179
2025-05-14 19:04:49.539,Ethereum,2599.2146715401036
2025-05-14 20:01:59.041,Ethereum,2605.3313758060663
2025-05-14 21:04:56.151,Ethereum,2604.0176546505113
2025-05-14 22:04:56.032,Ethereum,2599.0294612168564
2025-05-14 23:04:37.885,Ethereum,2596.3996340952376
2025-05-15 00:09:49.981,Ethereum,2609.010738285919
2025-05-15 01:07:56.163,Ethereum,2635.9021502165165
2025-05-15 02:00:58.307,Ethereum,2594.575800503881
2025-05-15 03:08:03.653,Ethereum,2592.7810169977756
2025-05-15 04:09:06.866,Ethereum,2578.734771895038
2025-05-15 05:04:35.192,Ethereum,2589.383247071365
2025-05-15 06:09:54.073,Ethereum,2574.47085519388
2025-05-15 07:06:47.521,Ethereum,2570.8327120955623
2025-05-15 08:04:45.952,Ethereum,2534.558520582415
2025-05-15 09:09:55.648,Ethereum,2557.8530783618153
2025-05-15 10:09:47.521,Ethereum,2538.1500465104095
2025-05-15 11:09:50.058,Ethereum,2539.6627200802664
2025-05-15 12:09:33.915,Ethereum,2554.1279846172924
2025-05-15 13:04:54.662,Ethereum,2558.5851458575667
2025-05-15 14:04:56.627,Ethereum,2540.0974737332403
2025-05-15 15:04:50.559,Ethereum,2498.0099653226157
2025-05-15 16:06:00.329,Ethereum,2553.1223188927756
2025-05-15 17:09:42.575,Ethereum,2582.0736709573835
2025-05-15 18:09:31.416,Ethereum,2582.7428605349896
2025-05-15 19:03:34.283,Ethereum,2530.5033799659595
2025-05-15 20:04:57.137,Ethereum,2531.073450307276
2025-05-15 21:04:58.087,Ethereum,2536.0546164029306
2025-05-15 22:04:38.350,Ethereum,2534.4805502687436
2025-05-15 23:08:37.501,Ethereum,2547.3021542428714
2025-05-16 00:02:21.378,Ethereum,2545.164709532804
2025-05-16 01:09:56.884,Ethereum,2547.9675686436753
2025-05-16 02:00:00.759,Ethereum,2560.6618490828914
2025-05-16 03:09:58.385,Ethereum,2573.0438033332252
2025-05-16 04:04:47.439,Ethereum,2577.256476750408
2025-05-16 05:09:44.807,Ethereum,2573.615865195518
2025-05-16 06:09:28.564,Ethereum,2592.7251846137797
2025-05-16 07:04:55.028,Ethereum,2596.529468272622
2025-05-16 08:01:12.763,Ethereum,2602.902408338982
2025-05-16 09:09:52.670,Ethereum,2570.797399622884
2025-05-16 10:06:08.004,Ethereum,2611.309921716259
2025-05-16 11:07:26.083,Ethereum,2625.767716928986
2025-05-16 12:00:56.976,Ethereum,2623.2676655805617
2025-05-16 13:04:48.300,Ethereum,2602.947385198418
2025-05-16 14:05:25.853,Ethereum,2605.8338171387136
2025-05-16 15:01:10.432,Ethereum,2585.846485594543
2025-05-16 16:09:49.740,Ethereum,2593.126551929814
2025-05-16 17:08:33.541,Ethereum,2584.7486201111797
2025-05-16 18:04:25.584,Ethereum,2582.036350469725
2025-05-16 19:04:57.400,Ethereum,2587.023284299048
2025-05-16 20:04:43.438,Ethereum,2585.911962644756
2025-05-16 21:01:15.469,Ethereum,2567.4109901568727
2025-05-16 22:00:58.350,Ethereum,2570.3422398822163
2025-05-16 23:04:44.585,Ethereum,2546.2337063140153
2025-05-17 00:09:40.648,Ethereum,2540.1707179128266
2025-05-17 01:04:52.668,Ethereum,2506.6753422614074
2025-05-17 02:04:53.854,Ethereum,2480.600619380282
2025-05-17 03:04:53.171,Ethereum,2488.7191793761926
2025-05-17 04:06:49.969,Ethereum,2495.5494905613145
2025-05-17 05:04:42.404,Ethereum,2506.3456236947027
2025-05-17 06:09:48.817,Ethereum,2488.7154249662867
2025-05-17 07:09:36.150,Ethereum,2492.3291337766423
2025-05-17 08:04:45.695,Ethereum,2492.5131505112663
2025-05-17 09:09:53.382,Ethereum,2486.5222805481617
2025-05-17 10:09:45.467,Ethereum,2481.203156344918
2025-05-17 11:09:28.393,Ethereum,2483.86592123914
2025-05-17 12:03:43.209,Ethereum,2484.468366109973
2025-05-17 13:02:39.504,Ethereum,2478.149153543606
2025-05-17 14:06:02.020,Ethereum,2458.8441592006197
2025-05-17 15:01:58.242,Ethereum,2479.9934266278015
2025-05-17 16:03:30.772,Ethereum,2478.6177260779464
2025-05-17 17:08:22.957,Ethereum,2462.241924926455
2025-05-17 18:04:39.265,Ethereum,2474.8645858948557
2025-05-17 19:04:26.508,Ethereum,2474.8111068284466
2025-05-17 20:07:46.002,Ethereum,2473.8835339716798
2025-05-17 21:07:47.738,Ethereum,2483.068045267888
2025-05-17 22:04:40.302,Ethereum,2485.991156056452
2025-05-17 23:04:49.004,Ethereum,2462.5921144113718
2025-05-18 00:06:33.314,Ethereum,2476.1381403269975
2025-05-18 01:04:48.050,Ethereum,2478.3973825094936
2025-05-18 02:04:48.484,Ethereum,2482.404045957829
2025-05-18 03:04:57.185,Ethereum,2481.794375356485
2025-05-18 04:05:50.871,Ethereum,2479.491292796371
2025-05-18 05:04:44.303,Ethereum,2485.336324789543
2025-05-18 06:01:21.595,Ethereum,2507.997261415804
2025-05-18 07:07:35.994,Ethereum,2498.071958809907
2025-05-18 08:06:38.909,Ethereum,2508.225832929976
2025-05-18 09:02:42.256,Ethereum,2520.6672436076537
2025-05-18 10:02:39.668,Ethereum,2511.7531839533694
2025-05-18 11:02:41.275,Ethereum,2504.659427984933
2025-05-18 12:04:40.044,Ethereum,2504.6818401916885
2025-05-18 13:09:20.470,Ethereum,2506.100399298591
2025-05-18 14:09:57.200,Ethereum,2526.4275317572856
2025-05-18 15:09:42.890,Ethereum,2555.6649754079067
2025-05-18 16:09:34.399,Ethereum,2575.9898635458676
2025-05-18 17:09:45.688,Ethereum,2572.0945536827076
2025-05-18 18:09:42.882,Ethereum,2513.716035118618
2025-05-18 19:00:47.242,Ethereum,2471.5628888085416
2025-05-18 20:09:40.179,Ethereum,2406.548808141917
2025-05-18 21:01:41.117,Ethereum,2396.875493358906
2025-05-18 22:02:32.711,Ethereum,2417.6903103142035
2025-05-18 23:04:42.535,Ethereum,2433.234095580067
2025-05-19 00:03:14.193,Ethereum,2473.8388724116753
2025-05-19 01:09:39.906,Ethereum,2442.8263844996154
2025-05-19 02:04:53.392,Ethereum,2432.2299411608524
2025-05-19 03:05:33.206,Ethereum,2408.593010315303
2025-05-19 04:04:58.525,Ethereum,2386.6355426158184
2025-05-19 05:04:36.396,Ethereum,2370.8394723665187
2025-05-19 06:01:06.511,Ethereum,2379.529587610473
2025-05-19 07:04:33.630,Ethereum,2371.09160363549
2025-05-19 08:04:58.277,Ethereum,2404.1273345300633
2025-05-19 09:04:58.120,Ethereum,2403.22123013882
2025-05-19 10:09:47.948,Ethereum,2407.2132176724162
2025-05-19 11:09:42.235,Ethereum,2412.664347409646
2025-05-19 12:09:37.723,Ethereum,2417.265492533581
2025-05-19 13:04:46.371,Ethereum,2397.258909546654
2025-05-19 14:02:21.031,Ethereum,2427.263660528342
2025-05-19 15:09:29.021,Ethereum,2450.2203728318386
2025-05-19 16:04:59.864,Ethereum,2463.755062721722
2025-05-19 17:09:53.418,Ethereum,2495.1987290344828
2025-05-19 18:09:45.372,Ethereum,2515.758548892882
2025-05-19 19:01:02.458,Ethereum,2495.157597158679
2025-05-19 20:08:54.109,Ethereum,2519.618669522085
2025-05-19 21:09:51.341,Ethereum,2521.8274378683736
2025-05-19 22:04:47.319,Ethereum,2517.148307128567
2025-05-19 23:06:42.648,Ethereum,2503.3632536763234
2025-05-20 00:09:00.544,Ethereum,2530.030833562055
2025-05-20 01:12:29.983,Ethereum,2520.400338498342
2025-05-20 02:04:57.711,Ethereum,2539.060085876319
2025-05-20 03:04:50.627,Ethereum,2568.5224960658747
2025-05-20 04:09:30.138,Ethereum,2552.086398484491
2025-05-20 05:08:32.982,Ethereum,2565.5996066733564
2025-05-20 06:03:37.774,Ethereum,2565.173177011731
2025-05-20 07:08:09.940,Ethereum,2544.03483430021
2025-05-20 08:03:38.162,Ethereum,2531.92013089243
2025-05-20 09:03:53.439,Ethereum,2531.381103717653
2025-05-20 10:03:30.830,Ethereum,2531.288312362076
2025-05-20 11:03:54.169,Ethereum,2515.267111753899
2025-05-20 12:04:03.012,Ethereum,2514.696518916988
2025-05-20 13:03:38.686,Ethereum,2490.8595777583982
2025-05-20 14:03:41.980,Ethereum,2478.4674832257397
2025-05-20 15:03:31.947,Ethereum,2475.3544815257487
2025-05-20 16:06:20.111,Ethereum,2483.7599158034914
2025-05-20 17:03:32.833,Ethereum,2478.5386942519303
2025-05-20 18:03:55.061,Ethereum,2499.0372618997535
2025-05-20 19:03:22.760,Ethereum,2466.085801537128
2025-05-20 20:08:20.657,Ethereum,2494.8380772328223
2025-05-20 21:03:35.381,Ethereum,2511.1231478687814
2025-05-20 22:03:43.593,Ethereum,2507.6612680688354
2025-05-20 23:13:57.000,Ethereum,2514.4325493463257
2025-05-13 23:01:12.575,Solana,182.92300423594878
2025-05-14 00:05:33.273,Solana,184.05379777179434
2025-05-14 01:04:39.370,Solana,182.53952243474254
2025-05-14 02:04:47.415,Solana,183.20787273581618
2025-05-14 03:04:23.794,Solana,180.3961203650638
2025-05-14 04:07:29.244,Solana,180.05655431727902
2025-05-14 05:04:19.771,Solana,181.3593362794131
2025-05-14 06:04:40.278,Solana,182.35055804796568
2025-05-14 07:08:34.346,Solana,183.2111117156747
2025-05-14 08:03:46.917,Solana,181.7677178227641
2025-05-14 09:04:42.793,Solana,179.92012015586266
2025-05-14 10:04:34.662,Solana,179.39234806047605
2025-05-14 11:04:49.588,Solana,179.97757082741708
2025-05-14 12:07:05.741,Solana,181.23046214548836
2025-05-14 13:05:43.569,Solana,181.11611854363744
2025-05-14 14:04:56.418,Solana,178.75064870585786
2025-05-14 15:17:41.022,Solana,177.00040991279664
2025-05-14 16:04:46.834,Solana,176.8803571959409
2025-05-14 17:06:37.019,Solana,176.0222451971599
2025-05-14 18:11:47.048,Solana,175.53828538356188
2025-05-14 19:08:23.791,Solana,176.34010655810727
2025-05-14 20:10:00.509,Solana,177.37316440973433
2025-05-14 21:04:55.929,Solana,177.18966242952968
2025-05-14 22:04:57.626,Solana,176.97416813961613
2025-05-14 23:04:35.709,Solana,176.09370548252747
2025-05-15 00:09:49.656,Solana,176.48633614236638
2025-05-15 01:08:03.036,Solana,177.8789171300766
2025-05-15 02:01:28.505,Solana,175.30990415742957
2025-05-15 03:06:31.543,Solana,175.95988518923016
2025-05-15 04:04:16.988,Solana,174.84683844790723
2025-05-15 05:04:35.206,Solana,174.89204491151844
2025-05-15 06:09:53.968,Solana,173.515169466728
2025-05-15 07:09:29.393,Solana,173.34416205462688
2025-05-15 08:04:47.221,Solana,170.94178756639678
2025-05-15 09:09:54.946,Solana,172.5994416315174
2025-05-15 10:01:44.103,Solana,170.6967016109985
2025-05-15 11:09:49.684,Solana,169.70388849642532
2025-05-15 12:04:50.921,Solana,171.0232046728675
2025-05-15 13:04:56.472,Solana,171.4149279028495
2025-05-15 14:04:59.369,Solana,170.03766069973304
2025-05-15 15:08:26.878,Solana,168.85055317687
2025-05-15 16:08:54.201,Solana,171.89228072193856
2025-05-15 17:04:46.478,Solana,173.1602470685328
2025-05-15 18:09:32.058,Solana,173.22959421220128
2025-05-15 19:04:50.127,Solana,170.0022726944491
2025-05-15 20:05:42.663,Solana,169.48901614500824
2025-05-15 21:04:50.566,Solana,169.62456642076586
2025-05-15 22:04:53.556,Solana,168.71607632757008
2025-05-15 23:09:15.123,Solana,168.98279473573373
2025-05-16 00:09:52.333,Solana,169.07105479832376
2025-05-16 01:09:56.945,Solana,170.39530826580832
2025-05-16 02:07:12.183,Solana,172.17621506909393
2025-05-16 03:04:40.058,Solana,172.69755342619328
2025-05-16 04:00:47.175,Solana,172.61638958583018
2025-05-16 05:04:51.690,Solana,171.76955038678526
2025-05-16 06:04:49.817,Solana,173.03016615759037
2025-05-16 07:04:56.250,Solana,172.69588752711502
2025-05-16 08:02:26.395,Solana,172.37317456051224
2025-05-16 09:09:50.976,Solana,170.40428149716868
2025-05-16 10:06:41.836,Solana,171.8747910740236
2025-05-16 11:08:20.597,Solana,173.054194882896
2025-05-16 12:01:04.594,Solana,173.13948672471312
2025-05-16 13:04:45.851,Solana,172.88555170798594
2025-05-16 14:06:01.732,Solana,173.33818937628195
2025-05-16 15:03:44.212,Solana,171.74714112101628
2025-05-16 16:09:49.632,Solana,172.2731006413264
2025-05-16 17:04:31.291,Solana,170.83278600628267
2025-05-16 18:04:35.779,Solana,170.98136479744147
2025-05-16 19:05:36.362,Solana,170.37886155913833
2025-05-16 20:04:50.579,Solana,170.75344428766468
2025-05-16 21:09:37.529,Solana,169.540328838711
2025-05-16 22:01:09.329,Solana,169.49046809848514
2025-05-16 23:04:28.850,Solana,167.19664574605196
2025-05-17 00:09:40.401,Solana,167.80561978125345
2025-05-17 01:04:56.224,Solana,167.03541880089898
2025-05-17 02:04:53.647,Solana,165.0647583645895
2025-05-17 03:04:45.073,Solana,166.42723020185846
2025-05-17 04:01:39.068,Solana,166.9205511985048
2025-05-17 05:04:42.996,Solana,168.86770685115482
2025-05-17 06:04:49.722,Solana,167.70082244668532
2025-05-17 07:04:53.466,Solana,168.83208243739818
2025-05-17 08:08:05.098,Solana,168.67613621887563
2025-05-17 09:09:53.225,Solana,168.29357231971102
2025-05-17 10:09:45.170,Solana,168.0891909239929
2025-05-17 11:04:56.264,Solana,167.6096366475965
2025-05-17 12:04:30.605,Solana,167.52101612684845
2025-05-17 13:04:53.133,Solana,167.40679554771964
2025-05-17 14:05:34.532,Solana,166.3161188672876
2025-05-17 15:02:20.108,Solana,167.8621866110465
2025-05-17 16:06:49.762,Solana,167.61199091541064
2025-05-17 17:08:21.197,Solana,165.3448026631265
2025-05-17 18:04:46.844,Solana,166.43969184744603
2025-05-17 19:07:11.367,Solana,166.1934961430104
2025-05-17 20:07:46.578,Solana,165.47320159953355
2025-05-17 21:01:23.136,Solana,166.5206006631191
2025-05-17 22:04:44.085,Solana,167.09890306520444
2025-05-17 23:04:45.658,Solana,165.3249498096498
2025-05-18 00:08:21.739,Solana,166.02603084670673
2025-05-18 01:04:47.990,Solana,166.6482371432726
2025-05-18 02:04:46.119,Solana,166.8531784575985
2025-05-18 03:04:56.245,Solana,167.10522895352085
2025-05-18 04:04:40.382,Solana,167.02547460297208
2025-05-18 05:09:41.348,Solana,168.45499532539066
2025-05-18 06:04:25.680,Solana,169.57861436948306
2025-05-18 07:06:11.937,Solana,169.36064737456834
2025-05-18 08:06:35.773,Solana,170.00225463921362
2025-05-18 09:01:10.380,Solana,171.49149945968676
2025-05-18 10:04:45.691,Solana,171.16100373231188
2025-05-18 11:02:37.506,Solana,171.06895872494007
2025-05-18 12:03:50.006,Solana,171.00558448479157
2025-05-18 13:05:20.361,Solana,171.19623706339556
2025-05-18 14:02:22.629,Solana,172.02773706682882
2025-05-18 15:01:05.630,Solana,173.94621957561685
2025-05-18 16:03:09.580,Solana,175.8955411796285
2025-05-18 17:09:44.963,Solana,175.88625147718912
2025-05-18 18:09:42.771,Solana,172.58216123078867
2025-05-18 19:09:48.604,Solana,170.48961036669718
2025-05-18 20:09:40.510,Solana,166.74722173808775
2025-05-18 21:04:45.700,Solana,166.9976484294832
2025-05-18 22:04:31.998,Solana,168.24412973325292
2025-05-18 23:04:45.280,Solana,169.16138572056002
2025-05-19 00:00:50.127,Solana,172.3695951495799
2025-05-19 01:09:40.202,Solana,168.34605454357904
2025-05-19 02:04:51.039,Solana,167.88817159808053
2025-05-19 03:04:48.037,Solana,167.18514916564845
2025-05-19 04:04:54.308,Solana,165.72641770618907
2025-05-19 05:04:43.991,Solana,164.42321215466743
2025-05-19 06:01:41.583,Solana,163.12324469702278
2025-05-19 07:04:33.968,Solana,160.62637674128464
2025-05-19 08:04:58.444,Solana,161.9610914223377
2025-05-19 09:04:48.289,Solana,161.72240336705528
2025-05-19 10:09:48.415,Solana,161.7839789986668
2025-05-19 11:09:42.275,Solana,161.66286980830859
2025-05-19 12:09:44.225,Solana,162.17200304811038
2025-05-19 13:04:48.730,Solana,160.5922902314429
2025-05-19 14:02:47.796,Solana,162.62632480901107
2025-05-19 15:07:23.106,Solana,163.3298029281254
2025-05-19 16:06:47.086,Solana,164.10442427831447
2025-05-19 17:09:54.287,Solana,164.93631285282427
2025-05-19 18:07:21.527,Solana,165.77808723984953
2025-05-19 19:09:30.959,Solana,164.77915751915444
2025-05-19 20:08:00.706,Solana,166.47888477067133
2025-05-19 21:06:43.382,Solana,166.41583297595056
2025-05-19 22:09:48.005,Solana,166.335000950975
2025-05-19 23:04:59.655,Solana,165.8165532596329
2025-05-20 00:08:58.405,Solana,166.9262865818069
2025-05-20 01:11:50.162,Solana,167.57715489248707
2025-05-20 02:04:54.254,Solana,169.95076178886583
2025-05-20 03:04:51.452,Solana,171.0144205982657
2025-05-20 04:09:34.486,Solana,168.96230606966267
2025-05-20 05:08:34.224,Solana,169.67069970458638
2025-05-20 06:03:36.237,Solana,169.6307748172851
2025-05-20 07:08:17.010,Solana,168.37463400898022
2025-05-20 08:03:37.131,Solana,167.60465220190062
2025-05-20 09:02:25.723,Solana,167.43855125610747
2025-05-20 10:03:28.760,Solana,167.53217007733898
2025-05-20 11:03:54.376,Solana,166.43064250537256
2025-05-20 12:04:02.796,Solana,166.52696741108244
2025-05-20 13:03:30.701,Solana,165.7621161182035
2025-05-20 14:03:43.604,Solana,165.55450367177622
2025-05-20 15:03:36.711,Solana,166.05700355380128
2025-05-20 16:03:32.701,Solana,166.6727245374579
2025-05-20 17:03:32.904,Solana,165.95094827513114
2025-05-20 18:03:54.406,Solana,167.80869705098652
2025-05-20 19:03:29.274,Solana,165.6020010176901
2025-05-20 20:08:21.870,Solana,167.44855562997446
2025-05-20 21:03:40.745,Solana,168.28306345139433
2025-05-20 22:03:47.799,Solana,168.10443529246356
2025-05-20 23:14:17.000,Solana,167.88092884967827
2025-05-14 00:04:34.171,Dogecoin,0.24063615504965347
2025-05-14 01:04:37.056,Dogecoin,0.23924087522787937
2025-05-14 02:04:45.140,Dogecoin,0.2394150082395665
2025-05-14 03:01:09.366,Dogecoin,0.23707951727919532
2025-05-14 04:07:26.560,Dogecoin,0.23823826136122217
2025-05-14 05:03:38.502,Dogecoin,0.24042280385458467
2025-05-14 06:04:40.360,Dogecoin,0.24492487708380073
2025-05-14 07:01:59.334,Dogecoin,0.2424522231895274
2025-05-14 08:04:35.014,Dogecoin,0.2378307240955966
2025-05-14 09:04:36.483,Dogecoin,0.23614705002819242
2025-05-14 10:03:58.421,Dogecoin,0.23466511878543975
2025-05-14 11:04:55.970,Dogecoin,0.23579884021930098
2025-05-14 12:09:08.398,Dogecoin,0.23759955727862925
2025-05-14 13:05:47.040,Dogecoin,0.23731810075825652
2025-05-14 14:08:20.846,Dogecoin,0.23502246838694335
2025-05-14 15:17:12.000,Dogecoin,0.2320997089710524
2025-05-14 16:04:50.366,Dogecoin,0.23245908634514487
2025-05-14 17:04:44.472,Dogecoin,0.232158349704089
2025-05-14 18:09:53.026,Dogecoin,0.2315039750642482
2025-05-14 19:09:36.854,Dogecoin,0.23332646801353818
2025-05-14 20:10:00.607,Dogecoin,0.234150330336864
2025-05-14 21:04:51.577,Dogecoin,0.23392328417733477
2025-05-14 22:04:59.131,Dogecoin,0.23339559955523906
2025-05-14 23:04:40.334,Dogecoin,0.23233703318057317
2025-05-15 00:04:04.121,Dogecoin,0.2327000784398179
2025-05-15 01:09:40.404,Dogecoin,0.2353979892614541
2025-05-15 02:08:15.395,Dogecoin,0.22926221443764833
2025-05-15 03:08:59.668,Dogecoin,0.2333359231789608
2025-05-15 04:07:26.667,Dogecoin,0.23249524861755586
2025-05-15 05:04:35.347,Dogecoin,0.23411952075552614
2025-05-15 06:09:54.234,Dogecoin,0.2290303705358666
2025-05-15 07:00:45.899,Dogecoin,0.22790840800824974
2025-05-15 08:04:46.182,Dogecoin,0.22465244659933992
2025-05-15 09:09:54.759,Dogecoin,0.2277749768189272
2025-05-15 10:09:45.217,Dogecoin,0.22481279797079148
2025-05-15 11:09:46.521,Dogecoin,0.22403254709431172
2025-05-15 12:09:36.062,Dogecoin,0.22665221404653002
2025-05-15 13:04:41.371,Dogecoin,0.22760009060150202
2025-05-15 14:05:00.018,Dogecoin,0.22396986270649466
2025-05-15 15:05:00.168,Dogecoin,0.2193012435722686
2025-05-15 16:08:53.556,Dogecoin,0.22406185144015428
2025-05-15 17:04:56.256,Dogecoin,0.22575231277662103
2025-05-15 18:04:49.507,Dogecoin,0.2280687423919006
2025-05-15 19:01:40.693,Dogecoin,0.22144959911019807
2025-05-15 20:04:46.502,Dogecoin,0.2218234495801033
2025-05-15 21:04:08.825,Dogecoin,0.22152400149481336
2025-05-15 22:04:44.804,Dogecoin,0.2194312289366417
2025-05-15 23:06:53.617,Dogecoin,0.21975653944470006
2025-05-16 00:09:38.178,Dogecoin,0.2196421692669774
2025-05-16 01:09:58.302,Dogecoin,0.220735108540809
2025-05-16 02:09:56.094,Dogecoin,0.22282074037985303
2025-05-16 03:04:48.624,Dogecoin,0.22535554035662134
2025-05-16 04:09:35.909,Dogecoin,0.22662694298002853
2025-05-16 05:09:50.792,Dogecoin,0.22570730206835127
2025-05-16 06:04:42.093,Dogecoin,0.22657223439010166
2025-05-16 07:04:57.316,Dogecoin,0.22682695028460106
2025-05-16 08:09:19.755,Dogecoin,0.22599202629553855
2025-05-16 09:02:10.995,Dogecoin,0.2233754705939462
2025-05-16 10:05:00.305,Dogecoin,0.22770208208080162
2025-05-16 11:04:56.863,Dogecoin,0.22902750676444963
2025-05-16 12:01:20.734,Dogecoin,0.22762838564937138
2025-05-16 13:04:55.691,Dogecoin,0.2271602507666791
2025-05-16 14:04:59.012,Dogecoin,0.22840587591249764
2025-05-16 15:09:29.280,Dogecoin,0.22656032467401618
2025-05-16 16:09:50.477,Dogecoin,0.22938114326159023
2025-05-16 17:07:30.333,Dogecoin,0.22801601327869703
2025-05-16 18:04:33.093,Dogecoin,0.22603472285402162
2025-05-16 19:04:59.688,Dogecoin,0.22578694955178896
2025-05-16 20:04:44.432,Dogecoin,0.22610098034657844
2025-05-16 21:07:22.381,Dogecoin,0.22407668691920435
2025-05-16 22:04:51.718,Dogecoin,0.22443704854586427
2025-05-16 23:01:30.743,Dogecoin,0.2214338213480261
2025-05-17 00:09:39.712,Dogecoin,0.22179287692947217
2025-05-17 01:01:31.415,Dogecoin,0.219842650182797
2025-05-17 02:04:45.228,Dogecoin,0.2165990613609096
2025-05-17 03:04:59.814,Dogecoin,0.21727272918113913
2025-05-17 04:04:54.889,Dogecoin,0.21791494007385193
2025-05-17 05:04:50.721,Dogecoin,0.21973323244725282
2025-05-17 06:04:44.301,Dogecoin,0.2174349903689722
2025-05-17 07:09:51.984,Dogecoin,0.21757966901670175
2025-05-17 08:04:47.190,Dogecoin,0.2174082365151234
2025-05-17 09:09:53.879,Dogecoin,0.21615633340676854
2025-05-17 10:05:25.690,Dogecoin,0.2157573238942768
2025-05-17 11:04:57.458,Dogecoin,0.2158408085988525
2025-05-17 12:03:18.481,Dogecoin,0.2161105835489101
2025-05-17 13:09:27.318,Dogecoin,0.21517508184789078
2025-05-17 14:04:39.953,Dogecoin,0.21286084783961046
2025-05-17 15:09:25.653,Dogecoin,0.21617647252643651
2025-05-17 16:02:45.313,Dogecoin,0.2157394889299596
2025-05-17 17:03:49.070,Dogecoin,0.21273574653297944
2025-05-17 18:02:27.196,Dogecoin,0.2153385976223933
2025-05-17 19:04:58.978,Dogecoin,0.2150380254100627
2025-05-17 20:09:52.355,Dogecoin,0.21488804201384584
2025-05-17 21:04:40.024,Dogecoin,0.21611630962370715
2025-05-17 22:04:44.801,Dogecoin,0.21647873893490305
2025-05-17 23:01:01.693,Dogecoin,0.21347537167925085
2025-05-18 00:04:57.423,Dogecoin,0.21488111020244596
2025-05-18 01:04:52.847,Dogecoin,0.2149988691177946
2025-05-18 02:04:46.643,Dogecoin,0.21643273521187478
2025-05-18 03:04:57.368,Dogecoin,0.21643950250137395
2025-05-18 04:04:59.640,Dogecoin,0.21577907687552206
2025-05-18 05:08:03.479,Dogecoin,0.21694472679509053
2025-05-18 06:03:35.817,Dogecoin,0.22044989731358935
2025-05-18 07:08:00.057,Dogecoin,0.2195753079503377
2025-05-18 08:06:22.526,Dogecoin,0.22133102188459855
2025-05-18 09:00:29.689,Dogecoin,0.22456745912323908
2025-05-18 10:03:06.395,Dogecoin,0.22260272863550126
2025-05-18 11:01:53.062,Dogecoin,0.22246236902725255
2025-05-18 12:09:38.564,Dogecoin,0.22262114294423063
2025-05-18 13:09:19.302,Dogecoin,0.2242297485134422
2025-05-18 14:04:56.323,Dogecoin,0.22503238398900144
2025-05-18 15:09:50.727,Dogecoin,0.22980614817849412
2025-05-18 16:03:59.411,Dogecoin,0.23378365863954587
2025-05-18 17:09:44.102,Dogecoin,0.23550395195287374
2025-05-18 18:07:15.335,Dogecoin,0.23228100522663203
2025-05-18 19:09:34.028,Dogecoin,0.22863183575090026
2025-05-18 20:06:06.415,Dogecoin,0.22398175174042953
2025-05-18 21:04:55.863,Dogecoin,0.22319876276504738
2025-05-18 22:04:38.578,Dogecoin,0.2254418851175043
2025-05-18 23:04:41.421,Dogecoin,0.2268770800726446
2025-05-19 00:02:00.718,Dogecoin,0.23196412411257225
2025-05-19 01:04:47.407,Dogecoin,0.22791846984883551
2025-05-19 02:04:40.225,Dogecoin,0.22549503890428496
2025-05-19 03:04:56.396,Dogecoin,0.22358131760628913
2025-05-19 04:03:04.040,Dogecoin,0.22017396475242323
2025-05-19 05:04:38.859,Dogecoin,0.2182958570489102
2025-05-19 06:01:04.453,Dogecoin,0.2182012772842518
2025-05-19 07:04:54.733,Dogecoin,0.21673573341302743
2025-05-19 08:09:42.442,Dogecoin,0.21814410037749665
2025-05-19 09:04:58.408,Dogecoin,0.21706759441578646
2025-05-19 10:05:50.602,Dogecoin,0.21730047690244986
2025-05-19 11:09:42.078,Dogecoin,0.21784903237946668
2025-05-19 12:04:51.556,Dogecoin,0.21731309791631379
2025-05-19 13:01:16.334,Dogecoin,0.21492356506138405
2025-05-19 14:10:38.419,Dogecoin,0.21812671031123101
2025-05-19 15:07:23.773,Dogecoin,0.22067205704029869
2025-05-19 16:05:29.394,Dogecoin,0.22132089303859181
2025-05-19 17:09:53.797,Dogecoin,0.22389755335450168
2025-05-19 18:09:34.143,Dogecoin,0.22424323934001555
2025-05-19 19:01:10.397,Dogecoin,0.22317976789461885
2025-05-19 20:04:53.437,Dogecoin,0.22395249837779926
2025-05-19 21:09:50.794,Dogecoin,0.22462915485858256
2025-05-19 22:04:53.610,Dogecoin,0.2242258053023275
2025-05-19 23:03:49.369,Dogecoin,0.22312629004549775
2025-05-20 00:09:16.345,Dogecoin,0.22494871643735062
2025-05-20 01:00:50.165,Dogecoin,0.22527958971825413
2025-05-20 02:04:57.384,Dogecoin,0.2279143200685793
2025-05-20 03:09:55.112,Dogecoin,0.22766897175156708
2025-05-20 04:06:53.276,Dogecoin,0.22544917594994301
2025-05-20 05:05:39.438,Dogecoin,0.22640331062625618
2025-05-20 06:03:33.846,Dogecoin,0.22688447157378738
2025-05-20 07:06:52.349,Dogecoin,0.22505277738947355
2025-05-20 08:03:39.878,Dogecoin,0.22312221964158052
2025-05-20 09:03:46.900,Dogecoin,0.22138133282815092
2025-05-20 10:03:30.153,Dogecoin,0.22157337664167812
2025-05-20 11:03:54.441,Dogecoin,0.22040359627384887
2025-05-20 12:04:03.095,Dogecoin,0.2207234102734744
2025-05-20 13:01:12.894,Dogecoin,0.21938581051848038
2025-05-20 14:01:34.439,Dogecoin,0.2188155824753641
2025-05-20 15:03:30.564,Dogecoin,0.21911597969601126
2025-05-20 16:03:33.667,Dogecoin,0.22052096659333956
2025-05-20 17:03:02.969,Dogecoin,0.2197641811172628
2025-05-20 18:03:27.276,Dogecoin,0.22276175308009322
2025-05-20 19:03:18.579,Dogecoin,0.21917879072733712
2025-05-20 20:08:11.127,Dogecoin,0.22370532876353766
2025-05-20 21:03:39.909,Dogecoin,0.2249505556396186
2025-05-20 22:03:45.664,Dogecoin,0.22645586162479245
2025-05-20 23:02:59.855,Dogecoin,0.22511765369969244
2025-05-20 23:14:32.000,Dogecoin,0.22591420978028653
